{"salineLevel":"4.17","timestamp":1713279749396}
{"salineLevel":"0.30","timestamp":1713279754395}
{"salineLevel":"0.85","timestamp":1713279759395}
{"salineLevel":"4.13","timestamp":1713279764396}
{"salineLevel":"2.69","timestamp":1713279769397}
{"salineLevel":"0.30","timestamp":1713279774397}
{"salineLevel":"4.86","timestamp":1713279779397}
{"salineLevel":"3.20","timestamp":1713279784397}
{"salineLevel":"2.94","timestamp":1713279789398}
{"salineLevel":"4.87","timestamp":1713279794401}
{"salineLevel":"3.93","timestamp":1713279799398}
{"salineLevel":"1.39","timestamp":1713279804398}
{"salineLevel":"2.37","timestamp":1713279809402}
{"salineLevel":"3.19","timestamp":1713279814400}
{"salineLevel":"2.86","timestamp":1713279819400}
{"salineLevel":"4.21","timestamp":1713279824401}
{"salineLevel":"2.83","timestamp":1713279829401}
{"salineLevel":"4.18","timestamp":1713279834402}
{"salineLevel":"1.29","timestamp":1713279839402}
{"salineLevel":"3.94","timestamp":1713279844403}
{"salineLevel":"3.30","timestamp":1713279849402}
{"salineLevel":"0.57","timestamp":1713279854403}
{"salineLevel":"2.57","timestamp":1713279859404}
{"salineLevel":"1.30","timestamp":1713279864405}
{"salineLevel":"0.40","timestamp":1713279869406}
{"salineLevel":"0.39","timestamp":1713279874407}
{"salineLevel":"2.17","timestamp":1713279879408}
{"salineLevel":"3.16","timestamp":1713279884409}
{"salineLevel":"4.25","timestamp":1713279889409}
{"salineLevel":"1.99","timestamp":1713279894408}
{"salineLevel":"4.45","timestamp":1713279899415}
{"salineLevel":"2.86","timestamp":1713279904415}
{"salineLevel":"4.65","timestamp":1713279909416}
{"salineLevel":"1.69","timestamp":1713279914416}
{"salineLevel":"0.56","timestamp":1713279919417}
{"datatype":"input data from Sensor","salineLevel":"4.72","timestamp":1713279927185}
{"datatype":"input data from Sensor","salineLevel":"4.72","timestamp":1713279932186}
{"datatype":"input data from Sensor","salineLevel":"1.85","timestamp":1713279937188}
{"datatype":"input data from Sensor","salineLevel":"2.00","timestamp":1713279942188}
{"datatype":"input data from Sensor","salineLevel":"2.16","timestamp":1713279947189}
{"datatype":"input data from Sensor","salineLevel":"1.39","timestamp":1713279952189}
{"datatype":"input data from Sensor","salineLevel":"1.80","timestamp":1713279957190}
{"datatype":"input data from Sensor","salineLevel":"4.41","timestamp":1713279962191}
{"datatype":"input data from Sensor","salineLevel":"4.90","timestamp":1713279967192}
{"datatype":"input data from Sensor","salineLevel":"1.20","timestamp":1713279972226}
{"datatype":"input data from Sensor","salineLevel":"3.33","timestamp":1713279977202}
{"datatype":"input data from Sensor","salineLevel":"1.79","timestamp":1713279982203}
{"datatype":"input data from Sensor","salineLevel":"3.54","timestamp":1713279987204}
{"datatype":"input data from Sensor","salineLevel":"2.09","timestamp":1713279992204}
{"datatype":"input data from Sensor","salineLevel":"2.27","timestamp":1713279997205}
{"datatype":"input data from Sensor","salineLevel":"2.12","timestamp":1713280002209}
{"datatype":"input data from Sensor","salineLevel":"0.29","timestamp":1713280007207}
{"datatype":"input data from Sensor","salineLevel":"1.52","timestamp":1713280012208}
{"datatype":"input data from Sensor","salineLevel":"1.38","timestamp":1713280017208}
{"datatype":"input data from Sensor","salineLevel":"4.08","timestamp":1713280022209}
{"datatype":"input data from Sensor","salineLevel":"4.97","timestamp":1713280027253}
{"datatype":"input data from Sensor","salineLevel":"3.64","timestamp":1713280032226}
{"datatype":"input data from Sensor","salineLevel":"0.27","timestamp":1713280037228}
{"datatype":"input data from Sensor","salineLevel":"0.17","timestamp":1713280046124}
{"datatype":"input data from Sensor","salineLevel":"4.36","timestamp":1713280051124}
{"datatype":"input data from Sensor","salineLevel":"4.87","timestamp":1713280056125}
{"datatype":"input data from Sensor","salineLevel":"0.84","timestamp":1713280061127}
{"datatype":"input data from Sensor","salineLevel":"2.41","timestamp":1713280066127}
{"datatype":"input data from Sensor","salineLevel":"4.11","timestamp":1713280071126}
{"datatype":"input data from Sensor","salineLevel":"4.70","timestamp":1713280076126}
{"datatype":"input data from Sensor","salineLevel":"0.89","timestamp":1713280081127}
{"datatype":"input data from Sensor","salineLevel":"0.81","timestamp":1713280086126}
{"datatype":"input data from Sensor","salineLevel":"3.12","timestamp":1713280091127}
{"datatype":"input data from Sensor","salineLevel":"2.01","timestamp":1713280096129}
{"datatype":"input data from Sensor","salineLevel":"0.30","timestamp":1713280101127}
{"datatype":"input data from Sensor","salineLevel":"1.07","timestamp":1713280106129}
{"datatype":"input data from Sensor","salineLevel":"0.25","timestamp":1713280111129}
{"datatype":"input data from Sensor","salineLevel":"1.98","timestamp":1713280116129}
{"datatype":"input data from Sensor","salineLevel":"1.98","timestamp":1713280121130}
{"datatype":"input data from Sensor","salineLevel":"0.49","timestamp":1713280126131}
{"datatype":"input data from Sensor","salineLevel":"1.68","timestamp":1713280131131}
{"datatype":"input data from Sensor","salineLevel":"3.69","timestamp":1713280136134}
{"datatype":"input data from Sensor","salineLevel":"3.50","timestamp":1713280141131}
{"datatype":"input data from Sensor","salineLevel":"3.32","timestamp":1713280146133}
{"datatype":"input data from Sensor","salineLevel":"2.91","timestamp":1713280151133}
{"datatype":"input data from Sensor","salineLevel":"2.36","timestamp":1713280156133}
{"datatype":"input data from Sensor","salineLevel":"2.11","timestamp":1713280161134}
{"datatype":"input data from Sensor","salineLevel":"3.17","timestamp":1713280166135}
{"datatype":"input data from Sensor","salineLevel":"1.72","timestamp":1713280171136}
{"datatype":"input data from Sensor","salineLevel":"3.15","timestamp":1713280178296,"gatestatus":"null"}
{"datatype":"input data from Sensor","salineLevel":"1.45","timestamp":1713280183297,"gatestatus":"null"}
{"datatype":"input data from Sensor","salineLevel":"2.16","timestamp":1713280188297,"gatestatus":"null"}
{"datatype":"input data from Sensor","salineLevel":"2.86","timestamp":1713280193297,"gatestatus":"null"}
{"datatype":"input data from Sensor","salineLevel":"1.06","timestamp":1713280198299,"gatestatus":"null"}
{"datatype":"input data from Sensor","salineLevel":"3.66","timestamp":1713280203299,"gatestatus":"null"}
{"datatype":"input data from Sensor","salineLevel":"1.56","timestamp":1713280208301,"gatestatus":"null"}
{"datatype":"input data from Sensor","salineLevel":"4.75","timestamp":1713280213301,"gatestatus":"null"}
{"datatype":"input data from Sensor","salineLevel":"0.12","timestamp":1713280219972,"gatestatus":"Open"}
{"datatype":"input data from Sensor","salineLevel":"3.01","timestamp":1713280224973,"gatestatus":"Closed"}
{"datatype":"input data from Sensor","salineLevel":"2.52","timestamp":1713280229972,"gatestatus":"Closed"}
{"datatype":"input data from Sensor","salineLevel":"3.31","timestamp":1713280234974,"gatestatus":"Closed"}
{"datatype":"input data from Sensor","salineLevel":"3.54","timestamp":1713280239975,"gatestatus":"Closed"}
{"datatype":"input data from Sensor","salineLevel":"0.31","timestamp":1713280244975,"gatestatus":"Open"}
{"datatype":"input data from Sensor","salineLevel":"0.09","timestamp":1713280249978,"gatestatus":"Open"}
{"datatype":"input data from Sensor","salineLevel":"1.21","timestamp":1713280254975,"gatestatus":"Open"}
{"datatype":"input data from Sensor","salineLevel":"0.22","timestamp":1713280259975,"gatestatus":"Open"}
{"datatype":"input data from Sensor","salineLevel":"4.68","timestamp":1713280264975,"gatestatus":"Closed"}
{"datatype":"input data from Sensor","salineLevel":"0.42","timestamp":1713280269976,"gatestatus":"Open"}
{"datatype":"input data from Sensor","salineLevel":"4.91","timestamp":1713280274977,"gatestatus":"Closed"}
{"datatype":"input data from Sensor","salineLevel":"0.97","timestamp":1713280279977,"gatestatus":"Open"}
{"datatype":"input data from Sensor","salineLevel":"0.40","timestamp":1713280284977,"gatestatus":"Open"}
{"datatype":"input data from Sensor","salineLevel":"4.95","timestamp":1713280289977,"gatestatus":"Closed"}
{"datatype":"input data from Sensor","salineLevel":"3.41","timestamp":1713280294978,"gatestatus":"Closed"}
{"datatype":"input data from Sensor","salineLevel":"2.95","timestamp":1713280299980,"gatestatus":"Closed"}
{"datatype":"input data from Sensor","salineLevel":"1.31","timestamp":1713280304979,"gatestatus":"Open"}
{"datatype":"input data from Sensor","salineLevel":"1.32","timestamp":1713280309978,"gatestatus":"Open"}
{"datatype":"input data from Sensor","salineLevel":"0.35","timestamp":1713280314978,"gatestatus":"Open"}
{"datatype":"input data from Sensor","salineLevel":"1.92","timestamp":1713280319979,"gatestatus":"Closed"}
{"datatype":"input data from Sensor","salineLevel":"2.25","timestamp":1713280325811,"gatestatus":"Closed"}
{"datatype":"input data from Sensor","salineLevel":"0.54","timestamp":1713280330813,"gatestatus":"Open"}
{"datatype":"input data from Sensor","salineLevel":"0.60","timestamp":1713280335816,"gatestatus":"Open"}
{"datatype":"input data from Sensor","salineLevel":"4.21","timestamp":1713280342239,"gatestatus":"Closed"}
{"datatype":"input data from Sensor","salineLevel":"4.10","timestamp":1713280347241,"gatestatus":"Closed"}
{"datatype":"input data from Sensor","salineLevel":"0.36","timestamp":1713280352242,"gatestatus":"Open"}
{"datatype":"input data from Sensor","salineLevel":"3.19","timestamp":1713280357241,"gatestatus":"Closed"}
{"datatype":"input data from Sensor","salineLevel":"4.57","timestamp":1713280364568,"gatestatus":"Closed"}
{"datatype":"input data from Sensor","salineLevel":"2.20","timestamp":1713280369567,"gatestatus":"Closed"}
{"datatype":"input data from Sensor","salineLevel":"4.15","timestamp":1713280374569,"gatestatus":"Closed"}
{"datatype":"input data from Sensor","salineLevel":"1.54","timestamp":1713280379572,"gatestatus":"Open"}
{"datatype":"input data from Sensor","salineLevel":"2.06","timestamp":1713280384573,"gatestatus":"Closed"}
{"datatype":"input data from Sensor","salineLevel":"0.83","timestamp":1713280385852,"gatestatus":"Open"}
{"datatype":"input data from Sensor","salineLevel":"4.71","timestamp":1713280386553,"gatestatus":"Closed"}
{"datatype":"input data from Sensor","salineLevel":"2.87","timestamp":1713280387577,"gatestatus":"Closed"}
{"datatype":"input data from Sensor","salineLevel":"4.11","timestamp":1713280388210,"gatestatus":"Closed"}
{"datatype":"input data from Sensor","salineLevel":"0.23","timestamp":1713280388778,"gatestatus":"Open"}
{"datatype":"input data from Sensor","salineLevel":"1.28","timestamp":1713280389496,"gatestatus":"Open"}
{"datatype":"input data from Sensor","salineLevel":"0.54","timestamp":1713280389575,"gatestatus":"Open"}
{"datatype":"input data from Sensor","salineLevel":"2.57","timestamp":1713280394575,"gatestatus":"Closed"}
{"datatype":"input data from Sensor","salineLevel":"3.24","timestamp":1713280399577,"gatestatus":"Closed"}
{"datatype":"input data from Sensor","salineLevel":"1.20","timestamp":1713280404577,"gatestatus":"Open"}
{"datatype":"input data from Sensor","salineLevel":"4.61","timestamp":1713280409577,"gatestatus":"Closed"}
{"datatype":"input data from Sensor","salineLevel":"2.81","timestamp":1713280414579,"gatestatus":"Closed"}
{"datatype":"input data from Sensor","salineLevel":"3.63","timestamp":1713280419579,"gatestatus":"Closed"}
{"datatype":"input data from Sensor","salineLevel":"2.58","timestamp":1713280424578,"gatestatus":"Closed"}
{"datatype":"input data from Sensor","salineLevel":"2.10","timestamp":1713280429579,"gatestatus":"Closed"}
{"datatype":"input data from Sensor","salineLevel":"1.19","timestamp":1713280434580,"gatestatus":"Open"}
{"datatype":"input data from Sensor","salineLevel":"2.56","timestamp":1713280439579,"gatestatus":"Closed"}
{"datatype":"input data from Sensor","salineLevel":"2.11","timestamp":1713280444582,"gatestatus":"Closed"}
{"datatype":"input data from Sensor","salineLevel":"4.25","timestamp":1713280449580,"gatestatus":"Closed"}
{"datatype":"input data from Sensor","salineLevel":"4.27","timestamp":1713280454580,"gatestatus":"Closed"}
{"datatype":"input data from Sensor","salineLevel":"4.10","timestamp":1713280459582,"gatestatus":"Closed"}
{"datatype":"input data from Sensor","salineLevel":"3.80","timestamp":1713280464586,"gatestatus":"Closed"}
{"datatype":"input data from Sensor","salineLevel":"1.33","timestamp":1713280469583,"gatestatus":"Open"}
{"datatype":"input data from Sensor","salineLevel":"4.08","timestamp":1713280474585,"gatestatus":"Closed"}
{"datatype":"input data from Sensor","salineLevel":"1.92","timestamp":1713280479585,"gatestatus":"Closed"}
{"datatype":"input data from Sensor","salineLevel":"4.66","timestamp":1713280484586,"gatestatus":"Closed"}
{"datatype":"input data from Sensor","salineLevel":"4.00","timestamp":1713280489603,"gatestatus":"Closed"}
{"datatype":"input data from Sensor","salineLevel":"0.09","timestamp":1713280494587,"gatestatus":"Open"}
{"datatype":"input data from Sensor","salineLevel":"2.10","timestamp":1713280499587,"gatestatus":"Closed"}
{"datatype":"input data from Sensor","salineLevel":"1.38","timestamp":1713280504588,"gatestatus":"Open"}
{"datatype":"input data from Sensor","salineLevel":"2.77","timestamp":1713280509589,"gatestatus":"Closed"}
{"datatype":"input data from Sensor","salineLevel":"3.41","timestamp":1713280514589,"gatestatus":"Closed"}
{"datatype":"input data from Sensor","salineLevel":"2.88","timestamp":1713280519588,"gatestatus":"Closed"}
{"datatype":"input data from Sensor","salineLevel":"3.34","timestamp":1713280524589,"gatestatus":"Closed"}
{"datatype":"input data from Sensor","salineLevel":"4.45","timestamp":1713280529590,"gatestatus":"Closed"}
{"datatype":"input data from Sensor","salineLevel":"4.06","timestamp":1713280534590,"gatestatus":"Closed"}
{"datatype":"input data from Sensor","salineLevel":"0.11","timestamp":1713280539589,"gatestatus":"Open"}
{"datatype":"input data from Sensor","salineLevel":"3.56","timestamp":1713280544591,"gatestatus":"Closed"}
{"datatype":"input data from Sensor","salineLevel":"2.71","timestamp":1713280549590,"gatestatus":"Closed"}
{"datatype":"input data from Sensor","salineLevel":"4.06","timestamp":1713280554590,"gatestatus":"Closed"}
{"datatype":"input data from Sensor","salineLevel":"2.87","timestamp":1713280559590,"gatestatus":"Closed"}
{"datatype":"input data from Sensor","salineLevel":"3.55","timestamp":1713280564593,"gatestatus":"Closed"}
{"datatype":"input data from Sensor","salineLevel":"3.29","timestamp":1713280569591,"gatestatus":"Closed"}
{"datatype":"input data from Sensor","salineLevel":"4.23","timestamp":1713280574591,"gatestatus":"Closed"}
{"datatype":"input data from Sensor","salineLevel":"0.01","timestamp":1713280579593,"gatestatus":"Open"}
{"datatype":"input data from Sensor","salineLevel":"3.83","timestamp":1713280584592,"gatestatus":"Closed"}
{"datatype":"input data from Sensor","salineLevel":"0.90","timestamp":1713280589593,"gatestatus":"Open"}
{"datatype":"input data from Sensor","salineLevel":"2.86","timestamp":1713280594593,"gatestatus":"Closed"}
{"datatype":"input data from Sensor","salineLevel":"0.44","timestamp":1713280599594,"gatestatus":"Open"}
{"datatype":"input data from Sensor","salineLevel":"2.31","timestamp":1713280604593,"gatestatus":"Closed"}
{"datatype":"input data from Sensor","salineLevel":"4.19","timestamp":1713280609595,"gatestatus":"Closed"}
{"datatype":"input data from Sensor","salineLevel":"4.59","timestamp":1713280614594,"gatestatus":"Closed"}
{"datatype":"input data from Sensor","salineLevel":"1.47","timestamp":1713280619596,"gatestatus":"Open"}
{"datatype":"input data from Sensor","salineLevel":"1.36","timestamp":1713280624598,"gatestatus":"Open"}
{"datatype":"input data from Sensor","salineLevel":"1.18","timestamp":1713280629598,"gatestatus":"Open"}
{"datatype":"input data from Sensor","salineLevel":"0.75","timestamp":1713280634598,"gatestatus":"Open"}
{"datatype":"input data from Sensor","salineLevel":"1.35","timestamp":1713280639598,"gatestatus":"Open"}
{"datatype":"input data from Sensor","salineLevel":"1.64","timestamp":1713280644599,"gatestatus":"Open"}
{"datatype":"input data from Sensor","salineLevel":"0.40","timestamp":1713280649600,"gatestatus":"Open"}
{"datatype":"input data from Sensor","salineLevel":"3.80","timestamp":1713280654602,"gatestatus":"Closed"}
{"datatype":"input data from Sensor","salineLevel":"0.29","timestamp":1713280659602,"gatestatus":"Open"}
{"datatype":"input data from Sensor","salineLevel":"4.78","timestamp":1713280664604,"gatestatus":"Closed"}
{"datatype":"input data from Sensor","salineLevel":"0.28","timestamp":1713280669604,"gatestatus":"Open"}
{"datatype":"input data from Sensor","salineLevel":"2.21","timestamp":1713280674605,"gatestatus":"Closed"}
{"datatype":"input data from Sensor","salineLevel":"4.82","timestamp":1713280679607,"gatestatus":"Closed"}
{"datatype":"input data from Sensor","salineLevel":"0.74","timestamp":1713280684607,"gatestatus":"Open"}
{"datatype":"input data from Sensor","salineLevel":"2.37","timestamp":1713280689607,"gatestatus":"Closed"}
{"datatype":"input data from Sensor","salineLevel":"4.72","timestamp":1713280694608,"gatestatus":"Closed"}
{"datatype":"input data from Sensor","salineLevel":"3.13","timestamp":1713280699609,"gatestatus":"Closed"}
{"datatype":"input data from Sensor","salineLevel":"1.53","timestamp":1713280704610,"gatestatus":"Open"}
{"datatype":"input data from Sensor","salineLevel":"3.69","timestamp":1713280709611,"gatestatus":"Closed"}
{"datatype":"input data from Sensor","salineLevel":"3.42","timestamp":1713280714612,"gatestatus":"Closed"}
{"datatype":"input data from Sensor","salineLevel":"0.66","timestamp":1713280719612,"gatestatus":"Open"}
{"datatype":"input data from Sensor","salineLevel":"3.87","timestamp":1713280724614,"gatestatus":"Closed"}
{"datatype":"input data from Sensor","salineLevel":"1.19","timestamp":1713280729612,"gatestatus":"Open"}
{"datatype":"input data from Sensor","salineLevel":"0.55","timestamp":1713280734613,"gatestatus":"Open"}
{"datatype":"input data from Sensor","salineLevel":"4.63","timestamp":1713280739614,"gatestatus":"Closed"}
{"datatype":"input data from Sensor","salineLevel":"4.78","timestamp":1713280744615,"gatestatus":"Closed"}
{"datatype":"input data from Sensor","salineLevel":"0.87","timestamp":1713280749616,"gatestatus":"Open"}
{"datatype":"input data from Sensor","salineLevel":"3.47","timestamp":1713280754617,"gatestatus":"Closed"}
{"datatype":"input data from Sensor","salineLevel":"1.79","timestamp":1713280759617,"gatestatus":"Open"}
{"datatype":"input data from Sensor","salineLevel":"2.86","timestamp":1713280764620,"gatestatus":"Closed"}
{"datatype":"input data from Sensor","salineLevel":"3.76","timestamp":1713280769619,"gatestatus":"Closed"}
{"datatype":"input data from Sensor","salineLevel":"2.18","timestamp":1713280779061,"gatestatus":"Closed"}
{"datatype":"input data from Sensor","salineLevel":"0.40","timestamp":1713280784541,"gatestatus":"Open"}
{"datatype":"input data from Sensor","salineLevel":"0.57","timestamp":1713280789545,"gatestatus":"Open"}
{"datatype":"input data from Sensor","salineLevel":"0.53","timestamp":1713280794543,"gatestatus":"Open"}
{"datatype":"input data from Sensor","salineLevel":"1.49","timestamp":1713280799544,"gatestatus":"Open"}
{"datatype":"input data from Sensor","salineLevel":"0.57","timestamp":1713280804546,"gatestatus":"Open"}
{"datatype":"input data from Sensor","salineLevel":"2.83","timestamp":1713280809547,"gatestatus":"Closed"}
{"datatype":"input data from Sensor","salineLevel":"1.76","timestamp":1713280814546,"gatestatus":"Open"}
{"datatype":"input data from Sensor","salineLevel":"0.52","timestamp":1713280819548,"gatestatus":"Open"}
{"datatype":"input data from Sensor","salineLevel":"0.56","timestamp":1713280824548,"gatestatus":"Open"}
{"datatype":"input data from Sensor","salineLevel":"4.11","timestamp":1713280829548,"gatestatus":"Closed"}
{"datatype":"input data from Sensor","salineLevel":"0.08","timestamp":1713280834549,"gatestatus":"Open"}
{"datatype":"input data from Sensor","salineLevel":"2.88","timestamp":1713280839549,"gatestatus":"Closed"}
{"datatype":"input data from Sensor","salineLevel":"2.94","timestamp":1713280844549,"gatestatus":"Closed"}
{"datatype":"input data from Sensor","salineLevel":"1.63","timestamp":1713280849549,"gatestatus":"Open"}
{"datatype":"input data from Sensor","salineLevel":"2.70","timestamp":1713280855733,"gatestatus":"Closed"}
{"datatype":"input data from Sensor","salineLevel":"0.05","timestamp":1713280860735,"gatestatus":"Open"}
{"datatype":"input data from Sensor","salineLevel":"1.14","timestamp":1713280865733,"gatestatus":"Open"}
{"datatype":"input data from Sensor","salineLevel":"0.87","timestamp":1713280870734,"gatestatus":"Open"}
{"datatype":"input data from Sensor","salineLevel":"1.32","timestamp":1713280875737,"gatestatus":"Open"}
{"datatype":"input data from Sensor","salineLevel":"0.69","timestamp":1713280880736,"gatestatus":"Open"}
{"datatype":"input data from Sensor","salineLevel":"4.48","timestamp":1713280885740,"gatestatus":"Closed"}
{"datatype":"input data from Sensor","salineLevel":"3.12","timestamp":1713280890737,"gatestatus":"Closed"}
{"datatype":"input data from Sensor","salineLevel":"0.04","timestamp":1713280895737,"gatestatus":"Open"}
{"datatype":"input data from Sensor","salineLevel":"0.03","timestamp":1713280900740,"gatestatus":"Open"}
{"datatype":"input data from Sensor","salineLevel":"1.14","timestamp":1713280905738,"gatestatus":"Open"}
{"datatype":"input data from Sensor","salineLevel":"4.26","timestamp":1713280910738,"gatestatus":"Closed"}
{"datatype":"input data from Sensor","salineLevel":"0.84","timestamp":1713280915740,"gatestatus":"Open"}
{"datatype":"input data from Sensor","salineLevel":"2.36","timestamp":1713280920738,"gatestatus":"Closed"}
{"datatype":"input data from Sensor","salineLevel":"1.12","timestamp":1713280925740,"gatestatus":"Open"}
{"datatype":"input data from Sensor","salineLevel":"0.78","timestamp":1713280930741,"gatestatus":"Open"}
{"datatype":"input data from Sensor","salineLevel":"0.16","timestamp":1713280935741,"gatestatus":"Open"}
{"datatype":"input data from Sensor","salineLevel":"4.27","timestamp":1713280940741,"gatestatus":"Closed"}
{"datatype":"input data from Sensor","salineLevel":"0.02","timestamp":1713280945764,"gatestatus":"Open"}
{"datatype":"input data from Sensor","salineLevel":"1.41","timestamp":1713280950751,"gatestatus":"Open"}
{"datatype":"input data from Sensor","salineLevel":"4.95","timestamp":1713280955750,"gatestatus":"Closed"}
{"datatype":"input data from Sensor","salineLevel":"2.52","timestamp":1713280960752,"gatestatus":"Closed"}
{"datatype":"input data from Sensor","salineLevel":"4.98","timestamp":1713280965751,"gatestatus":"Closed"}
{"datatype":"input data from Sensor","salineLevel":"1.34","timestamp":1713280970752,"gatestatus":"Open"}
{"datatype":"input data from Sensor","salineLevel":"0.53","timestamp":1713280975753,"gatestatus":"Open"}
{"datatype":"input data from Sensor","salineLevel":"0.34","timestamp":1713280980751,"gatestatus":"Open"}
{"datatype":"input data from Sensor","salineLevel":"4.62","timestamp":1713280985753,"gatestatus":"Closed"}
{"datatype":"input data from Sensor","salineLevel":"1.56","timestamp":1713280990754,"gatestatus":"Open"}
{"datatype":"input data from Sensor","salineLevel":"1.01","timestamp":1713280995755,"gatestatus":"Open"}
{"datatype":"input data from Sensor","salineLevel":"2.46","timestamp":1713281000758,"gatestatus":"Closed"}
{"datatype":"input data from Sensor","salineLevel":"0.68","timestamp":1713281005756,"gatestatus":"Open"}
{"datatype":"input data from Sensor","salineLevel":"4.40","timestamp":1713281010759,"gatestatus":"Closed"}
{"datatype":"input data from Sensor","salineLevel":"0.59","timestamp":1713281015757,"gatestatus":"Open"}
{"datatype":"input data from Sensor","salineLevel":"1.84","timestamp":1713281020759,"gatestatus":"Open"}
{"datatype":"input data from Sensor","salineLevel":"0.97","timestamp":1713281025759,"gatestatus":"Open"}
{"datatype":"input data from Sensor","salineLevel":"3.07","timestamp":1713281030760,"gatestatus":"Closed"}
{"datatype":"input data from Sensor","salineLevel":"0.58","timestamp":1713281035763,"gatestatus":"Open"}
{"datatype":"input data from Sensor","salineLevel":"0.97","timestamp":1713281040763,"gatestatus":"Open"}
{"datatype":"input data from Sensor","salineLevel":"0.40","timestamp":1713281045764,"gatestatus":"Open"}
{"datatype":"input data from Sensor","salineLevel":"2.25","timestamp":1713281053823,"gatestatus":"Closed"}
{"datatype":"input data from Sensor","salineLevel":"2.65","timestamp":1713281061439,"gatestatus":"Closed"}
{"datatype":"input data from Sensor","salineLevel":"0.52","timestamp":1713281066439,"gatestatus":"Open"}
{"datatype":"input data from Sensor","salineLevel":"2.85","timestamp":1713281071440,"gatestatus":"Closed"}
{"datatype":"input data from Sensor","salineLevel":"1.15","timestamp":1713281076441,"gatestatus":"Open"}
{"datatype":"input data from Sensor","salineLevel":"1.89","timestamp":1713281081442,"gatestatus":"Open"}
{"datatype":"input data from Sensor","salineLevel":"1.07","timestamp":1713281088390,"gatestatus":"Open"}
{"datatype":"input data from Sensor","salineLevel":"4.72","timestamp":1713281093388,"gatestatus":"Closed"}
{"datatype":"input data from Sensor","salineLevel":"3.61","timestamp":1713281098388,"gatestatus":"Closed"}
{"datatype":"input data from Sensor","salineLevel":"3.20","timestamp":1713281103391,"gatestatus":"Closed"}
{"datatype":"input data from Sensor","salineLevel":"1.78","timestamp":1713281111382,"gatestatus":"Open"}
{"datatype":"input data from Sensor","salineLevel":"1.08","timestamp":1713281116387,"gatestatus":"Open"}
{"datatype":"input data from Sensor","salineLevel":"1.64","timestamp":1713281121385,"gatestatus":"Open"}
{"datatype":"input data from Sensor","salineLevel":"2.91","timestamp":1713281126384,"gatestatus":"Closed"}
{"datatype":"input data from Sensor","salineLevel":"3.34","timestamp":1713281131386,"gatestatus":"Closed"}
{"datatype":"input data from Sensor","salineLevel":"1.16","timestamp":1713281136386,"gatestatus":"Open"}
{"datatype":"input data from Sensor","salineLevel":"1.01","timestamp":1713281141387,"gatestatus":"Open"}
{"datatype":"input data from Sensor","salineLevel":"3.11","timestamp":1713281146388,"gatestatus":"Closed"}
{"datatype":"input data from Sensor","salineLevel":"4.62","timestamp":1713281151390,"gatestatus":"Closed"}
{"datatype":"input data from Sensor","salineLevel":"3.21","timestamp":1713281161401,"gatestatus":"Closed"}
{"datatype":"input data from Sensor","salineLevel":"3.78","timestamp":1713281166400,"gatestatus":"Closed"}
{"datatype":"input data from Sensor","salineLevel":"4.13","timestamp":1713281171401,"gatestatus":"Closed"}
{"datatype":"input data from Sensor","salineLevel":"1.42","timestamp":1713281179958,"gatestatus":"Open"}
{"datatype":"input data from Sensor","salineLevel":"1.13","timestamp":1713281184957,"gatestatus":"Open"}
{"datatype":"input data from Sensor","salineLevel":"4.10","timestamp":1713281190623,"gatestatus":"Closed"}
{"datatype":"input data from Sensor","salineLevel":"2.11","timestamp":1713281195621,"gatestatus":"Closed"}
{"datatype":"input data from Sensor","salineLevel":"3.71","timestamp":1713281201155,"gatestatus":"Closed"}
{"datatype":"input data from Sensor","salineLevel":"0.94","timestamp":1713281206155,"gatestatus":"Open"}
{"datatype":"input data from Sensor","salineLevel":"3.92","timestamp":1713281211165,"gatestatus":"Closed"}
{"datatype":"input data from Sensor","salineLevel":"0.43","timestamp":1713281216161,"gatestatus":"Open"}
{"datatype":"input data from Sensor","salineLevel":"1.78","timestamp":1713281221161,"gatestatus":"Open"}
{"datatype":"input data from Sensor","salineLevel":"4.25","timestamp":1713281226162,"gatestatus":"Closed"}
{"datatype":"input data from Sensor","salineLevel":"2.95","timestamp":1713281231175,"gatestatus":"Closed"}
{"datatype":"input data from Sensor","salineLevel":"2.56","timestamp":1713281238617,"gatestatus":"Closed"}
{"datatype":"input data from Sensor","salineLevel":"3.15","timestamp":1713281243618,"gatestatus":"Closed"}
{"datatype":"input data from Sensor","salineLevel":"1.55","timestamp":1713281252931,"gatestatus":"Open"}
{"datatype":"input data from Sensor","salineLevel":"3.32","timestamp":1713281257932,"gatestatus":"Closed"}
{"datatype":"input data from Sensor","salineLevel":"1.91","timestamp":1713281262934,"gatestatus":"Open"}
{"datatype":"input data from Sensor","salineLevel":"4.68","timestamp":1713281267934,"gatestatus":"Closed"}
{"datatype":"input data from Sensor","salineLevel":"0.45","timestamp":1713281272935,"gatestatus":"Open"}
{"datatype":"input data from Sensor","salineLevel":"2.70","timestamp":1713281277935,"gatestatus":"Closed"}
{"datatype":"input data from Sensor","salineLevel":"0.12","timestamp":1713281282935,"gatestatus":"Open"}
{"datatype":"input data from Sensor","salineLevel":"2.40","timestamp":1713281287935,"gatestatus":"Closed"}
{"datatype":"input data from Sensor","salineLevel":"3.46","timestamp":1713281292935,"gatestatus":"Closed"}
{"datatype":"input data from Sensor","salineLevel":"1.32","timestamp":1713281297938,"gatestatus":"Open"}
{"datatype":"input data from Sensor","salineLevel":"0.96","timestamp":1713281302993,"gatestatus":"Open"}
{"datatype":"input data from Sensor","salineLevel":"0.15","timestamp":1713281311969,"gatestatus":"Open"}
{"datatype":"input data from Sensor","salineLevel":"4.16","timestamp":1713281317515,"gatestatus":"Closed"}
{"datatype":"input data from Sensor","salineLevel":"3.02","timestamp":1713281322522,"gatestatus":"Closed"}
{"datatype":"input data from Sensor","salineLevel":"0.75","timestamp":1713281327520,"gatestatus":"Open"}
{"datatype":"input data from Sensor","salineLevel":"4.72","timestamp":1713281332519,"gatestatus":"Closed"}
{"datatype":"input data from Sensor","salineLevel":"2.11","timestamp":1713281337520,"gatestatus":"Closed"}
{"datatype":"input data from Sensor","salineLevel":"3.86","timestamp":1713281344010,"gatestatus":"Closed"}
{"datatype":"input data from Sensor","salineLevel":"1.14","timestamp":1713281349012,"gatestatus":"Open"}
{"datatype":"input data from Sensor","salineLevel":"2.72","timestamp":1713281354009,"gatestatus":"Closed"}
{"datatype":"input data from Sensor","salineLevel":"1.57","timestamp":1713281359011,"gatestatus":"Open"}
{"datatype":"input data from Sensor","salineLevel":"4.36","timestamp":1713281364010,"gatestatus":"Closed"}
{"datatype":"input data from Sensor","salineLevel":"3.21","timestamp":1713281369011,"gatestatus":"Closed"}
{"datatype":"input data from Sensor","salineLevel":"4.75","timestamp":1713281378414,"gatestatus":"Closed"}
{"datatype":"input data from Sensor","salineLevel":"3.75","timestamp":1713281387556,"gatestatus":"Closed"}
{"datatype":"input data from Sensor","salineLevel":"2.16","timestamp":1713281387686,"gatestatus":"Closed"}
{"datatype":"input data from Sensor","salineLevel":"1.18","timestamp":1713281388301,"gatestatus":"Open"}
{"datatype":"input data from Sensor","salineLevel":"3.42","timestamp":1713281388684,"gatestatus":"Closed"}
{"datatype":"input data from Sensor","salineLevel":"3.24","timestamp":1713281392552,"gatestatus":"Closed"}
{"datatype":"input data from Sensor","salineLevel":"1.31","timestamp":1713281397554,"gatestatus":"Open"}
{"datatype":"input data from Sensor","salineLevel":"2.02","timestamp":1713281402555,"gatestatus":"Closed"}
{"datatype":"input data from Sensor","salineLevel":"0.48","timestamp":1713281407555,"gatestatus":"Open"}
{"datatype":"input data from Sensor","salineLevel":"1.05","timestamp":1713281412556,"gatestatus":"Open"}
{"datatype":"input data from Sensor","salineLevel":"1.71","timestamp":1713281417557,"gatestatus":"Open"}
{"datatype":"input data from Sensor","salineLevel":"2.18","timestamp":1713281422556,"gatestatus":"Closed"}
{"datatype":"input data from Sensor","salineLevel":"4.91","timestamp":1713281427558,"gatestatus":"Closed"}
{"datatype":"input data from Sensor","salineLevel":"0.63","timestamp":1713281432558,"gatestatus":"Open"}
{"datatype":"input data from Sensor","salineLevel":"3.08","timestamp":1713281439704,"gatestatus":"Closed"}
{"datatype":"input data from Sensor","salineLevel":"3.19","timestamp":1713281444703,"gatestatus":"Closed"}
{"datatype":"input data from Sensor","salineLevel":"1.58","timestamp":1713281449703,"gatestatus":"Open"}
{"datatype":"input data from Sensor","salineLevel":"1.74","timestamp":1713281454705,"gatestatus":"Open"}
{"datatype":"input data from Sensor","salineLevel":"0.98","timestamp":1713281459704,"gatestatus":"Open"}
{"datatype":"input data from Sensor","salineLevel":"0.71","timestamp":1713281464704,"gatestatus":"Open"}
{"datatype":"input data from Sensor","salineLevel":"0.10","timestamp":1713281469705,"gatestatus":"Open"}
{"datatype":"input data from Sensor","salineLevel":"1.79","timestamp":1713281475198,"gatestatus":"Open"}
{"datatype":"input data from Sensor","salineLevel":"3.86","timestamp":1713281480197,"gatestatus":"Closed"}
{"datatype":"input data from Sensor","salineLevel":"2.27","timestamp":1713281485200,"gatestatus":"Closed"}
{"datatype":"input data from Sensor","salineLevel":"4.33","timestamp":1713281490200,"gatestatus":"Closed"}
{"datatype":"input data from Sensor","salineLevel":"3.18","timestamp":1713281496556,"gatestatus":"Closed"}
{"datatype":"input data from Sensor","salineLevel":"4.54","timestamp":1713281504649,"gatestatus":"Closed"}
{"datatype":"input data from Sensor","salineLevel":"0.93","timestamp":1713281509650,"gatestatus":"Open"}
{"datatype":"input data from Sensor","salineLevel":"0.02","timestamp":1713281516165,"gatestatus":"Open"}
{"datatype":"input data from Sensor","salineLevel":"0.12","timestamp":1713281521167,"gatestatus":"Open"}
{"datatype":"input data from Sensor","salineLevel":"1.85","timestamp":1713281526165,"gatestatus":"Open"}
{"datatype":"input data from Sensor","salineLevel":"3.06","timestamp":1713281535517,"gatestatus":"Closed"}
{"datatype":"input data from Sensor","salineLevel":"1.17","timestamp":1713281540517,"gatestatus":"Open"}
{"datatype":"input data from Sensor","salineLevel":"1.01","timestamp":1713281545518,"gatestatus":"Open"}
{"datatype":"input data from Sensor","salineLevel":"0.04","timestamp":1713281550520,"gatestatus":"Open"}
{"datatype":"input data from Sensor","salineLevel":"1.69","timestamp":1713281555520,"gatestatus":"Open"}
{"datatype":"input data from Sensor","salineLevel":"1.52","timestamp":1713281560519,"gatestatus":"Open"}
{"datatype":"input data from Sensor","salineLevel":"4.70","timestamp":1713281565521,"gatestatus":"Closed"}
{"datatype":"input data from Sensor","salineLevel":"3.88","timestamp":1713281570523,"gatestatus":"Closed"}
{"datatype":"input data from Sensor","salineLevel":"2.73","timestamp":1713281575522,"gatestatus":"Closed"}
{"datatype":"input data from Sensor","salineLevel":"0.86","timestamp":1713281584067,"gatestatus":"Open"}
{"datatype":"input data from Sensor","salineLevel":"4.44","timestamp":1713281585173,"gatestatus":"Closed"}
{"datatype":"input data from Sensor","salineLevel":"1.77","timestamp":1713281585754,"gatestatus":"Open"}
{"datatype":"input data from Sensor","salineLevel":"1.39","timestamp":1713281586388,"gatestatus":"Open"}
{"datatype":"input data from Sensor","salineLevel":"0.81","timestamp":1713281589072,"gatestatus":"Open"}
{"datatype":"input data from Sensor","salineLevel":"1.78","timestamp":1713281599041,"gatestatus":"Open"}
{"datatype":"input data from Sensor","salineLevel":"2.56","timestamp":1713281605110,"gatestatus":"Closed"}
{"datatype":"input data from Sensor","salineLevel":"0.61","timestamp":1713281605124,"gatestatus":"Open"}
{"datatype":"input data from Sensor","salineLevel":"1.79","timestamp":1713281605653,"gatestatus":"Open"}
{"datatype":"input data from Sensor","salineLevel":"2.40","timestamp":1713281606173,"gatestatus":"Closed"}
{"datatype":"input data from Sensor","salineLevel":"0.91","timestamp":1713281606620,"gatestatus":"Open"}
{"datatype":"input data from Sensor","salineLevel":"3.53","timestamp":1713281607054,"gatestatus":"Closed"}
{"datatype":"input data from Sensor","salineLevel":"4.97","timestamp":1713281607455,"gatestatus":"Closed"}
{"datatype":"input data from Sensor","salineLevel":"4.16","timestamp":1713281607875,"gatestatus":"Closed"}
{"datatype":"input data from Sensor","salineLevel":"4.47","timestamp":1713281608308,"gatestatus":"Closed"}
{"datatype":"input data from Sensor","salineLevel":"1.03","timestamp":1713281608620,"gatestatus":"Open"}
{"datatype":"input data from Sensor","salineLevel":"4.73","timestamp":1713281608786,"gatestatus":"Closed"}
{"datatype":"input data from Sensor","salineLevel":"0.28","timestamp":1713281608940,"gatestatus":"Open"}
{"datatype":"input data from Sensor","salineLevel":"4.80","timestamp":1713281609116,"gatestatus":"Closed"}
{"datatype":"input data from Sensor","salineLevel":"3.65","timestamp":1713281609255,"gatestatus":"Closed"}
{"datatype":"input data from Sensor","salineLevel":"0.73","timestamp":1713281609364,"gatestatus":"Open"}
{"datatype":"input data from Sensor","salineLevel":"3.36","timestamp":1713281609582,"gatestatus":"Closed"}
{"datatype":"input data from Sensor","salineLevel":"0.36","timestamp":1713281609653,"gatestatus":"Open"}
{"datatype":"input data from Sensor","salineLevel":"1.95","timestamp":1713281609841,"gatestatus":"Closed"}
{"datatype":"input data from Sensor","salineLevel":"0.63","timestamp":1713281609959,"gatestatus":"Open"}
{"datatype":"input data from Sensor","salineLevel":"1.06","timestamp":1713281610110,"gatestatus":"Open"}
{"datatype":"input data from Sensor","salineLevel":"3.35","timestamp":1713281610124,"gatestatus":"Closed"}
{"datatype":"input data from Sensor","salineLevel":"1.92","timestamp":1713281610257,"gatestatus":"Closed"}
{"datatype":"input data from Sensor","salineLevel":"0.54","timestamp":1713281610414,"gatestatus":"Open"}
{"datatype":"input data from Sensor","salineLevel":"3.59","timestamp":1713281610557,"gatestatus":"Closed"}
{"datatype":"input data from Sensor","salineLevel":"2.22","timestamp":1713281610723,"gatestatus":"Closed"}
{"datatype":"input data from Sensor","salineLevel":"4.64","timestamp":1713281610857,"gatestatus":"Closed"}
{"datatype":"input data from Sensor","salineLevel":"1.42","timestamp":1713281610990,"gatestatus":"Open"}
{"datatype":"input data from Sensor","salineLevel":"4.67","timestamp":1713281611157,"gatestatus":"Closed"}
{"datatype":"input data from Sensor","salineLevel":"3.16","timestamp":1713281611290,"gatestatus":"Closed"}
{"datatype":"input data from Sensor","salineLevel":"0.47","timestamp":1713281611446,"gatestatus":"Open"}
{"datatype":"input data from Sensor","salineLevel":"4.49","timestamp":1713281611590,"gatestatus":"Closed"}
{"datatype":"input data from Sensor","salineLevel":"1.48","timestamp":1713281611768,"gatestatus":"Open"}
{"datatype":"input data from Sensor","salineLevel":"4.48","timestamp":1713281611955,"gatestatus":"Closed"}
{"datatype":"input data from Sensor","salineLevel":"0.58","timestamp":1713281612334,"gatestatus":"Open"}
{"datatype":"input data from Sensor","salineLevel":"1.00","timestamp":1713281612390,"gatestatus":"Open"}
{"datatype":"input data from Sensor","salineLevel":"2.45","timestamp":1713281612713,"gatestatus":"Closed"}
{"datatype":"input data from Sensor","salineLevel":"3.41","timestamp":1713281612876,"gatestatus":"Closed"}
{"datatype":"input data from Sensor","salineLevel":"3.82","timestamp":1713281613025,"gatestatus":"Closed"}
{"datatype":"input data from Sensor","salineLevel":"1.51","timestamp":1713281613155,"gatestatus":"Open"}
{"datatype":"input data from Sensor","salineLevel":"1.74","timestamp":1713281613312,"gatestatus":"Open"}
{"datatype":"input data from Sensor","salineLevel":"2.56","timestamp":1713281613492,"gatestatus":"Closed"}
{"datatype":"input data from Sensor","salineLevel":"0.80","timestamp":1713281613646,"gatestatus":"Open"}
{"datatype":"input data from Sensor","salineLevel":"2.37","timestamp":1713281615123,"gatestatus":"Closed"}
{"datatype":"input data from Sensor","salineLevel":"1.43","timestamp":1713281620125,"gatestatus":"Open"}
{"datatype":"input data from Sensor","salineLevel":"2.10","timestamp":1713281625126,"gatestatus":"Closed"}
{"datatype":"input data from Sensor","salineLevel":"1.65","timestamp":1713281630126,"gatestatus":"Open"}
{"datatype":"input data from Sensor","salineLevel":"1.18","timestamp":1713281635126,"gatestatus":"Open"}
{"datatype":"input data from Sensor","salineLevel":"0.65","timestamp":1713281640128,"gatestatus":"Open"}
{"datatype":"input data from Sensor","salineLevel":"2.35","timestamp":1713281649606,"gatestatus":"Closed"}
{"datatype":"input data from Sensor","salineLevel":"3.25","timestamp":1713281654612,"gatestatus":"Closed"}
{"datatype":"input data from Sensor","salineLevel":"2.57","timestamp":1713281659613,"gatestatus":"Closed"}
{"datatype":"input data from Sensor","salineLevel":"4.01","timestamp":1713281664612,"gatestatus":"Closed"}
{"datatype":"input data from Sensor","salineLevel":"4.88","timestamp":1713281669620,"gatestatus":"Closed"}
{"datatype":"input data from Sensor","salineLevel":"2.87","timestamp":1713281675545,"gatestatus":"Closed"}
{"datatype":"input data from Sensor","salineLevel":"0.87","timestamp":1713281680546,"gatestatus":"Open"}
{"datatype":"input data from Sensor","salineLevel":"0.78","timestamp":1713281685546,"gatestatus":"Open"}
{"datatype":"input data from Sensor","salineLevel":"1.67","timestamp":1713281690547,"gatestatus":"Open"}
{"datatype":"input data from Sensor","salineLevel":"2.96","timestamp":1713281695549,"gatestatus":"Closed"}
{"datatype":"input data from Sensor","salineLevel":"1.47","timestamp":1713281704686,"gatestatus":"Open"}
{"datatype":"input data from Sensor","salineLevel":"1.98","timestamp":1713281709687,"gatestatus":"Closed"}
{"datatype":"input data from Sensor","salineLevel":"3.58","timestamp":1713281714689,"gatestatus":"Closed"}
{"datatype":"input data from Sensor","salineLevel":"3.95","timestamp":1713281719692,"gatestatus":"Closed"}
{"datatype":"input data from Sensor","salineLevel":"4.46","timestamp":1713281724690,"gatestatus":"Closed"}
{"datatype":"input data from Sensor","salineLevel":"2.93","timestamp":1713281729690,"gatestatus":"Closed"}
{"datatype":"input data from Sensor","salineLevel":"0.21","timestamp":1713281734693,"gatestatus":"Open"}
{"datatype":"input data from Sensor","salineLevel":"0.89","timestamp":1713281739693,"gatestatus":"Open"}
{"datatype":"input data from Sensor","salineLevel":"2.94","timestamp":1713281744696,"gatestatus":"Closed"}
{"datatype":"input data from Sensor","salineLevel":"2.22","timestamp":1713281750504,"gatestatus":"Closed"}
{"datatype":"input data from Sensor","salineLevel":"0.79","timestamp":1713281755506,"gatestatus":"Open"}
{"datatype":"input data from Sensor","salineLevel":"0.80","timestamp":1713281760505,"gatestatus":"Open"}
{"datatype":"input data from Sensor","salineLevel":"4.24","timestamp":1713281765504,"gatestatus":"Closed"}
{"datatype":"input data from Sensor","salineLevel":"1.41","timestamp":1713281770508,"gatestatus":"Open"}
{"datatype":"input data from Sensor","salineLevel":"0.82","timestamp":1713281775506,"gatestatus":"Open"}
{"datatype":"input data from Sensor","salineLevel":"1.83","timestamp":1713281780509,"gatestatus":"Open"}
{"datatype":"input data from Sensor","salineLevel":"4.23","timestamp":1713281785509,"gatestatus":"Closed"}
{"datatype":"input data from Sensor","salineLevel":"1.32","timestamp":1713281790655,"gatestatus":"Open"}
{"datatype":"input data from Sensor","salineLevel":"3.07","timestamp":1713281795657,"gatestatus":"Closed"}
{"datatype":"input data from Sensor","salineLevel":"0.81","timestamp":1713281800656,"gatestatus":"Open"}
{"datatype":"input data from Sensor","salineLevel":"1.13","timestamp":1713281805659,"gatestatus":"Open"}
{"datatype":"input data from Sensor","salineLevel":"1.16","timestamp":1713281811715,"gatestatus":"Open"}
{"datatype":"input data from Sensor","salineLevel":"1.79","timestamp":1713281816712,"gatestatus":"Open"}
{"datatype":"input data from Sensor","salineLevel":"3.53","timestamp":1713281825549,"gatestatus":"Closed"}
{"datatype":"input data from Sensor","salineLevel":"2.72","timestamp":1713281834550,"gatestatus":"Closed"}
{"datatype":"input data from Sensor","salineLevel":"4.55","timestamp":1713281842931,"gatestatus":"Closed"}
{"datatype":"input data from Sensor","salineLevel":"0.80","timestamp":1713281847933,"gatestatus":"Open"}
{"datatype":"input data from Sensor","salineLevel":"2.81","timestamp":1713281852933,"gatestatus":"Closed"}
{"datatype":"input data from Sensor","salineLevel":"3.46","timestamp":1713281857933,"gatestatus":"Closed"}
{"datatype":"input data from Sensor","salineLevel":"1.20","timestamp":1713281862936,"gatestatus":"Open"}
{"datatype":"input data from Sensor","salineLevel":"0.88","timestamp":1713281867933,"gatestatus":"Open"}
{"datatype":"input data from Sensor","salineLevel":"1.96","timestamp":1713281872936,"gatestatus":"Closed"}
{"datatype":"input data from Sensor","salineLevel":"3.57","timestamp":1713281877934,"gatestatus":"Closed"}
